nick	n_matches	Assassin_avg_kda	Assassin_avg_dmg	Assassin_avg_wr	Assassin_var_kda	Assassin_var_dmg	Assassin_var_wr	Assassin_weights	Fighter_avg_kda	Fighter_avg_dmg	Fighter_avg_wr	Fighter_var_kda	Fighter_var_dmg	Fighter_var_wr	Fighter_weights	Mage_avg_kda	Mage_avg_dmg	Mage_avg_wr	Mage_var_kda	Mage_var_dmg	Mage_var_wr	Mage_weights	Marksman_avg_kda	Marksman_avg_dmg	Marksman_avg_wr	Marksman_var_kda	Marksman_var_dmg	Marksman_var_wr	Marksman_weights	Support_avg_kda	Support_avg_dmg	Support_avg_wr	Support_var_kda	Support_var_dmg	Support_var_wr	Support_weights	Tank_avg_kda	Tank_avg_dmg	Tank_avg_wr	Tank_var_kda	Tank_var_dmg	Tank_var_wr	Tank_weights	Assassin_avg_goldEarned	Assassin_avg_totalDamageTaken	Assassin_avg_totalMinionsKilled	Assassin_avg_visionScore	Assassin_avg_visionWardsBoughtInGame	Assassin_var_goldEarned	Assassin_var_totalDamageTaken	Assassin_var_totalMinionsKilled	Assassin_var_visionScore	Assassin_var_visionWardsBoughtInGame	Fighter_avg_goldEarned	Fighter_avg_totalDamageTaken	Fighter_avg_totalMinionsKilled	Fighter_avg_visionScore	Fighter_avg_visionWardsBoughtInGame	Fighter_var_goldEarned	Fighter_var_totalDamageTaken	Fighter_var_totalMinionsKilled	Fighter_var_visionScore	Fighter_var_visionWardsBoughtInGame	Mage_avg_goldEarned	Mage_avg_totalDamageTaken	Mage_avg_totalMinionsKilled	Mage_avg_visionScore	Mage_avg_visionWardsBoughtInGame	Mage_var_goldEarned	Mage_var_totalDamageTaken	Mage_var_totalMinionsKilled	Mage_var_visionScore	Mage_var_visionWardsBoughtInGame	Marksman_avg_goldEarned	Marksman_avg_totalDamageTaken	Marksman_avg_totalMinionsKilled	Marksman_avg_visionScore	Marksman_avg_visionWardsBoughtInGame	Marksman_var_goldEarned	Marksman_var_totalDamageTaken	Marksman_var_totalMinionsKilled	Marksman_var_visionScore	Marksman_var_visionWardsBoughtInGame	Support_avg_goldEarned	Support_avg_totalDamageTaken	Support_avg_totalMinionsKilled	Support_avg_visionScore	Support_avg_visionWardsBoughtInGame	Support_var_goldEarned	Support_var_totalDamageTaken	Support_var_totalMinionsKilled	Support_var_visionScore	Support_var_visionWardsBoughtInGame	Tank_avg_goldEarned	Tank_avg_totalDamageTaken	Tank_avg_totalMinionsKilled	Tank_avg_visionScore	Tank_avg_visionWardsBoughtInGame	Tank_var_goldEarned	Tank_var_totalDamageTaken	Tank_var_totalMinionsKilled	Tank_var_visionScore	Tank_var_visionWardsBoughtInGame	solo_q_tier	solo_q_division	flex_tier	flex_division CROOOOWLEY	25	2.260554722071736	6864083.82820323	0.47980711271846227	0.320478698717192	20265297829170.77	0.02661919477714487	1	2.3967936196341078	10962427.6713376	0.5111070648215492	0.5427833893513709	81154945240574.27	0.024258264894387396	1	0.918518518519	81147.3333333	0.0	0.49253772290799996	4293280806.89	0.0	3	1.70754554088	828178.333333	0.33333333333299997	0.0172149233849	160369747568.0	0.031746031746	9	1.68106144688	213825.090909	0.181818181818	0.000513397814864	468829394.628	0.000275482093664	11	2.911570415585645	1529763.7819986679	0.48907388137364155	1.2529521347669643	1053426585734.1366	0.03646934074305244	1	11680.462558592844	18106384.89288993	25065.893407028812	116465023.93893169	99.45891536337494	3904.6997646506766	2.9533758159677608	57.644084724253915	0.8208688012174268	0.7286511584593942	11469.314351222643	17136995.783183146	27923.65451180646	181984220.52871716	100.92160236584067	5077.576261524498	3.7443943932853707	109.2962734594863	0.9609747464438371	1.107473808233661	8317.66666667	16988370.8889	20381.6666667	102204994.889	84.0	4868.66666667	7.0	12.666666666700001	0.0	0.0	10069.090909100001	36279729.9008	17109.5454545	100137342.066	128.727272727	6323.65289256	5.0	15.8181818182	0.0	0.0	9477.0	6539197.09091	21906.4545455	34243146.4298	33.4545454545	260.79338843	10.181818181799999	11.6033057851	0.0909090909091	0.0826446280992	9825.625854595915	13764921.59992077	25555.493482192764	164012705.58741167	76.58292477938058	3841.630908331774	2.86599590260034	81.08102992001525	1.0857369380187498	1.4179848488727067	BRONZE	III	BRONZE	III	
 Lord Bloodborne	17	2.260554722071736	6864083.82820323	0.47980711271846227	0.320478698717192	20265297829170.77	0.02661919477714487	1	1.4011417815	363259.0	0.214285714286	0.327267748991	7111411848.14	0.0136054421769	14	2.5544823422180145	3838291.371938946	0.49923547400615165	0.8082932045232417	7660745818233.641	0.0324889802019569	1	2.4938788952761173	6441882.871882191	0.5244037714920332	0.31061071189814654	26196227906221.355	0.021438400171657445	1	3.338003380835021	1217417.1694138742	0.49546578730420193	1.001510970282708	1260613638859.7754	0.01964309686686008	1	2.911570415585645	1529763.7819986679	0.48907388137364155	1.2529521347669643	1053426585734.1366	0.03646934074305244	1	11680.462558592844	18106384.89288993	25065.893407028812	116465023.93893169	99.45891536337494	3904.6997646506766	2.9533758159677608	57.644084724253915	0.8208688012174268	0.7286511584593942	10232.714285700002	9647271.77551	27921.7142857	127361787.918	123.428571429	5731.81632653	6.21428571429	41.5969387755	0.0	0.0	11744.526695295814	17796483.8984417	18516.161296902676	83056465.71901551	152.13390713601265	4212.9416236988145	2.663125080930844	59.8979623076434	0.7842058659056801	0.875073441614909	12352.255629860665	19933929.33629191	19233.543965213477	78592136.34436634	181.92917739702798	4454.032328296132	2.9328823551162655	63.38769537233669	0.5610814184032559	0.5425806232634869	9175.676798366509	11601407.540665831	18078.42403916566	85694268.81888403	30.136374695611504	1002.291012799328	6.863711316336405	263.60171887453595	1.6135957552635456	1.9522036893138053	9825.625854595915	13764921.59992077	25555.493482192764	164012705.58741167	76.58292477938058	3841.630908331774	2.86599590260034	81.08102992001525	1.0857369380187498	1.4179848488727067	BRONZE	IV	nan	nan	
 Osahc	322	1.36504810403	601194.722222	0.388888888889	0.0736181508758	163002510909.0	0.0570987654321	36	1.55022254488	697058.909091	0.49350649350599995	0.19013623483699998	174962028723.0	0.059481643897199996	77	1.88935552222	410664.844444	0.533333333333	0.543719844986	36906561168.7	0.106666666667	45	1.59164303219	558052.62069	0.396551724138	0.22487463789700002	59190074684.4	0.0411662703131	58	2.02780063074	158675.466667	0.4	1.0345570904	5414786086.12	0.08222222222219999	15	2.0501152885	513192.57894700003	0.526315789474	0.395558268481	156337880774.0	0.083810403201	38	10183.272727299998	20322215.3802	25199.5454545	206173851.79299998	75.29545454550001	3306.43543388	2.72727272727	84.7892561983	0.477272727273	0.43130165289300004	10472.533333299998	16919160.4044	27293.1	266526001.646	74.9222222222	3939.82728395	3.27777777778	80.57839506170001	0.611111111111	0.65987654321	11802.2352941	15213823.0035	22137.098039200002	113274213.06899999	117.13725490200001	3414.58900423	2.25490196078	30.778162245300003	0.686274509804	0.803537101115	11135.590909100001	30745670.0599	22436.181818200002	141853331.391	122.0	3867.21212121	1.5606060606099998	31.8523875115	0.19696969697	0.249081726354	9378.15789474	21218366.6593	20723.8947368	142449296.726	47.6842105263	1786.00554017	2.26315789474	92.19390581719999	1.47368421053	2.35457063712	11214.0	21905390.2308	31653.019230799997	294797750.903	95.6153846154	4830.92899408	1.7115384615399998	36.4360207101	0.673076923077	1.06619822485	BRONZE	III	nan	nan	
0mega0	84	2.260554722071736	6864083.82820323	0.47980711271846227	0.320478698717192	20265297829170.77	0.02661919477714487	1	1.526985105	624389.432432	0.351351351351	0.179988950395	81606685127.1	0.050726402077800006	37	1.90906233062	588655.9333329999	0.46666666666699996	0.13135256603599998	38559297204.7	0.0622222222222	15	2.4938788952761173	6441882.871882191	0.5244037714920332	0.31061071189814654	26196227906221.355	0.021438400171657445	1	2.125	471357.0	0.3	0.0	0.0	0.0	10	1.28148535109	645128.684211	0.263157894737	0.0707790507628	127786307501.0	0.0218410398466	19	11680.462558592844	18106384.89288993	25065.893407028812	116465023.93893169	99.45891536337494	3904.6997646506766	2.9533758159677608	57.644084724253915	0.8208688012174268	0.7286511584593942	9597.73684211	9643554.19391	25037.2368421	73204126.286	95.6315789474	3876.75900277	3.8947368421099995	45.778393351800005	0.0	0.0	10103.125	27891853.1094	17555.75	106035863.438	112.25	4960.4375	3.75	22.5625	0.0	0.0	12352.255629860665	19933929.33629191	19233.543965213477	78592136.34436634	181.92917739702798	4454.032328296132	2.9328823551162655	63.38769537233669	0.5610814184032559	0.5425806232634869	9309.0	7211809.2	18464.3	96695624.61	64.0	932.0	0.6	3.24	0.0	0.0	7343.15789474	4461209.1856	22585.5789474	36898763.928	55.3157894737	1670.84764543	2.7368421052599996	20.1939058172	0.157894736842	0.44875346260399995	BRONZE	II	BRONZE	IV	
100Xora	95	1.30313131313	229009.166667	0.33333333333299997	0.0527344250587	14838812888.8	0.0277777777778	6	1.4687331282700002	985221.3108110001	0.445945945946	0.315525509676	164349366752.0	0.0674010795632	74	2.5544823422180145	3838291.371938946	0.49923547400615165	0.8082932045232417	7660745818233.641	0.0324889802019569	1	1.5545454545500001	139933.333333	0.666666666667	0.78694214876	4032678560.22	0.222222222222	3	1.6666666666699999	96310.0	0.5	0.0	0.0	0.0	2	2.18181818182	448875.0	0.8	0.0	0.0	0.0	5	9686.5	13249828.9167	24361.6666667	133521285.55600001	94.8333333333	3689.80555556	1.33333333333	4.88888888889	0.0	0.0	11151.7763158	17352559.9894	29788.671052599995	184086695.98400003	146.35526315799999	5212.88694598	2.3026315789500003	17.579466759000002	0.0	0.0	11744.526695295814	17796483.8984417	18516.161296902676	83056465.71901551	152.13390713601265	4212.9416236988145	2.663125080930844	59.8979623076434	0.7842058659056801	0.875073441614909	7081.5	18928653.25	12982.0	67814758.5	85.75	2480.6875	0.0	0.0	0.0	0.0	9228.5	689730.25	15342.5	4034072.25	41.0	256.0	5.5	30.25	0.0	0.0	8175.33333333	18314614.8889	12989.5	65141811.9167	111.833333333	3441.80555556	5.5	9.583333333330001	0.0	0.0	BRONZE	II	BRONZE	I	
1MALANDROVOADOR1	2	2.81318681319	267207.571429	0.5714285714289999	1.0563941553	24779860169.4	0.0068027210884399995	7	1.53055555556	154041.4	0.4	0.546327160494	5839209092.24	0.14	5	2.5544823422180145	3838291.371938946	0.49923547400615165	0.8082932045232417	7660745818233.641	0.0324889802019569	1	2.4938788952761173	6441882.871882191	0.5244037714920332	0.31061071189814654	26196227906221.355	0.021438400171657445	1	3.338003380835021	1217417.1694138742	0.49546578730420193	1.001510970282708	1260613638859.7754	0.01964309686686008	1	2.911570415585645	1529763.7819986679	0.48907388137364155	1.2529521347669643	1053426585734.1366	0.03646934074305244	1	0.0	0.0	0.0	0.0	0.0	0.0	0.0	0.0	0.0	0.0	7024.0	32273761.0	9506.5	65763990.25	98.0	9604.0	8.0	64.0	1.0	1.0	11744.526695295814	17796483.8984417	18516.161296902676	83056465.71901551	152.13390713601265	4212.9416236988145	2.663125080930844	59.8979623076434	0.7842058659056801	0.875073441614909	12352.255629860665	19933929.33629191	19233.543965213477	78592136.34436634	181.92917739702798	4454.032328296132	2.9328823551162655	63.38769537233669	0.5610814184032559	0.5425806232634869	9175.676798366509	11601407.540665831	18078.42403916566	85694268.81888403	30.136374695611504	1002.291012799328	6.863711316336405	263.60171887453595	1.6135957552635456	1.9522036893138053	9825.625854595915	13764921.59992077	25555.493482192764	164012705.58741167	76.58292477938058	3841.630908331774	2.86599590260034	81.08102992001525	1.0857369380187498	1.4179848488727067	BRONZE	IV	nan	nan	
1xXhidekiXx1	14	1.7258064516099998	2552071.0	0.23809523809500002	0.0	0.0	0.0	21	1.72474463948	3493822.4150900003	0.358490566038	0.031528214883400005	616409764441.0	0.0025492040889	53	1.8091473133000002	7349219.54098	0.49180327868900003	0.0034424630638099996	3559761586300.0	0.005469195698189999	61	2.4938788952761173	6441882.871882191	0.5244037714920332	0.31061071189814654	26196227906221.355	0.021438400171657445	1	2.68716029582	950699.7241379999	0.448275862069	0.373823012052	99414322341.1	0.0231866825208	29	2.911570415585645	1529763.7819986679	0.48907388137364155	1.2529521347669643	1053426585734.1366	0.03646934074305244	1	0.0	0.0	0.0	0.0	0.0	0.0	0.0	0.0	0.0	0.0	8639.6	4586577.04	28508.4	122543619.44	34.4	512.24	10.0	38.0	0.0	0.0	10871.6	6009162.64	14725.2	21092580.56	193.6	1659.84	7.2	61.36	0.0	0.0	12352.255629860665	19933929.33629191	19233.543965213477	78592136.34436634	181.92917739702798	4454.032328296132	2.9328823551162655	63.38769537233669	0.5610814184032559	0.5425806232634869	8463.0	1344525.0	16661.5	1653912.25	25.5	92.25	9.25	0.6875	0.0	0.0	9825.625854595915	13764921.59992077	25555.493482192764	164012705.58741167	76.58292477938058	3841.630908331774	2.86599590260034	81.08102992001525	1.0857369380187498	1.4179848488727067	BRONZE	III	BRONZE	IV	
20Come70Fuji	20	1.7899839790099998	2205799.65306	0.397959183673	0.14583826842	402495094371.0	0.0221672945616	98	1.57809025209	3937787.03911	0.46927374301700003	0.156154575392	5813335819320.0	0.0169695507364	179	1.5037605198700001	2211098.54167	0.416666666667	0.124961594587	1178658840490.0	0.0248538011696	24	2.5357142857099997	571929.0	0.75	0.0	0.0	0.0	4	2.91666666667	149447.0	0.5	0.0	0.0	0.0	2	2.29662100735	2759278.92982	0.508771929825	0.326285776857	2629237340640.0	0.0248163676142	57	9546.85714286	7607463.836730001	24814.428571400003	95061711.10200001	66.8571428571	1944.40816327	7.57142857143	39.387755102	0.0	0.0	10671.444444399998	6923380.91358	28527.6666667	43790180.2222	80.7777777778	3281.0617284	7.333333333330001	64.2222222222	0.0	0.0	0.0	0.0	0.0	0.0	0.0	0.0	0.0	0.0	0.0	0.0	0.0	0.0	0.0	0.0	0.0	0.0	0.0	0.0	0.0	0.0	7774.0	0.0	15256.0	0.0	65.0	0.0	8.0	0.0	0.0	0.0	9831.0	9063798.0	27113.6666667	81633970.8889	69.0	662.0	3.33333333333	22.2222222222	0.0	0.0	BRONZE	III	BRONZE	II	
20matar agr	23	3.2093216812299996	11212246.4045	0.606741573034	0.011072333431599999	1380232068870.0	0.00418335609599	89	2.29445744716	1976984.63905	0.43195266272200006	0.930727301566	839651270069.0	0.0321956277987	169	2.33442755586	2823600.0090900003	0.481818181818	0.464050738949	2369091124640.0	0.019677191495400002	110	2.10897104482	1972632.5263200002	0.447368421053	0.039223891199699996	467523696251.0	0.007646583564170001	38	2.68804926403	951795.5	0.447368421053	0.050029840449599995	88189762391.7	0.00419025251917	38	2.0533179925	1358374.2083299998	0.3125	0.483006537965	784130545911.0	0.0163928952991	48	12670.5	45964547.25	19200.3333333	84757939.2222	122.666666667	5029.88888889	0.0	0.0	0.0	0.0	11388.111111100001	27831774.5432	28582.3333333	261640441.11099997	131.0	5007.33333333	10.3333333333	284.444444444	0.444444444444	0.246913580247	11822.25	11124520.6875	22263.75	11765906.1875	145.5	1778.25	0.0	0.0	0.0	0.0	952.0	0.0	1165.0	0.0	0.0	0.0	0.0	0.0	0.0	0.0	6781.33333333	22050621.5556	12595.0	82327228.6667	30.0	674.0	0.0	0.0	0.0	0.0	0.0	0.0	0.0	0.0	0.0	0.0	0.0	0.0	0.0	0.0	BRONZE	I	BRONZE	V	
 Blind Hook	162	1.50588300588	256148.63636399998	0.363636363636	0.30654335982299996	15912509891.1	0.07988980716249999	11	1.7216955266999998	310499.933333	0.4	0.297888684099	28109453335.7	0.0933333333333	15	2.85201527251	381825.428571	0.5714285714289999	2.01804091815	34152223205.0	0.109977324263	21	2.98003478003	827262.538462	0.538461538462	1.1851200981799999	225090907016.0	0.0692472057857	39	6.22132034632	371536.454545	0.5	25.3859050852	26073323870.2	0.0454545454545	22	3.29675925926	163292.5	0.5	1.84650441529	11750358945.4	0.111111111111	12	11072.5833333	15966349.4097	25445.25	117207906.854	122.333333333	2634.38888889	5.33333333333	73.05555555560001	0.166666666667	0.138888888889	10492.1666667	16924134.3611	24509.3333333	61358592.3333	100.5	5894.80555556	2.3888888888900004	25.4598765432	0.444444444444	0.35802469135799997	13503.307692299997	15907511.0592	23118.115384599998	96083822.17899999	157.653846154	4221.68786982	0.46153846153800004	5.32544378698	0.307692307692	0.213017751479	12593.6716418	35158617.9519	19126.8059701	114068049.67899999	164.686567164	6905.73758075	1.70149253731	31.492982846999997	0.298507462687	0.20940075740699998	8557.22222222	9687995.4321	16389.4444444	82770636.8395	25.3703703704	150.381344307	0.666666666667	11.5555555556	1.55555555556	1.20987654321	10008.8333333	15711072.9722	22316.75	80687732.6875	105.833333333	6911.80555556	0.416666666667	1.90972222222	0.916666666667	1.07638888889	SILVER	IV	SILVER	III	
 Cabrito xD	91	2.6688479262700002	476537.2	0.3	0.676341178053	62299136141.6	0.09	10	3.49134615385	191667.5	0.6	7.65017474112	5495399435.65	0.123333333333	10	2.38934636792	223304.571429	0.428571428571	0.884726424364	8506516953.96	0.102040816327	7	3.11125534616	2036284.6041700002	0.520833333333	0.271175698717	1050983759870.0	0.011140046296299999	48	5.38888888889	26759.6666667	1.0	0.672839506173	24328291.5556	0.0	3	1.29166666667	59189.333333300005	0.33333333333299997	0.313368055556	82706947.5556	0.0555555555556	3	12939.4	10551029.64	23883.9	84558874.29	153.4	3245.44	7.0	119.4	0.4	0.44	9592.2	16103108.96	20032.4	115469964.24	121.3	6205.61	8.5	83.45	0.3	0.21	12466.4285714	7218021.38776	19606.428571400003	36427701.3878	177.57142857099998	1127.10204082	3.2857142857099997	27.0612244898	0.14285714285700002	0.122448979592	12534.105263200001	17886702.4801	17407.701754400005	65823279.8584	189.07017543900002	4880.83718067	2.1578947368400003	37.8873499538	0.140350877193	0.120652508464	11073.3333333	5586637.55556	15937.0	36208886.0	28.6666666667	50.888888888900006	20.6666666667	854.2222222219999	0.666666666667	0.222222222222	11376.25	30536814.6875	35916.5	299824672.25	57.0	1065.0	0.0	0.0	0.75	0.6875	SILVER	I	SILVER	III	
 ImS TrapLord	870	1.35298624046	770746.882353	0.176470588235	0.00231692715126	126125842290.0	0.0007909045971330001	17	2.34824178015	5471501.98584	0.535410764873	0.214585814739	7419212656310.0	0.012298753550100001	353	2.17284897619	3420447.98558	0.504807692308	0.27354589088500003	1893390840880.0	0.019673800043799997	208	1.94883119311	3394105.26882	0.41935483871	0.158541808357	4763622129870.0	0.012339163899999998	93	1.47058823529	41868.0	0.33333333333299997	0.0	0.0	0.0	3	2.41111111111	1608667.0	0.375	0.0	0.0	0.0	16	9486.88888889	9974498.4321	19419.8333333	80314353.3611	118.5	2705.47222222	0.5	2.25	0.0	0.0	11624.4930876	21643031.9135	30498.101382499997	269983982.381	135.046082949	5272.77206991	0.36635944700499995	3.13075771412	0.147465437788	0.227101870925	11253.664311	26424495.911999997	18038.544169599998	91732432.8982	112.303886926	4447.73804143	1.10954063604	20.0480715204	0.127208480565	0.167563585511	11340.5855856	21969765.1256	18231.8018018	74098596.6454	149.693693694	4324.68095122	1.0	14.738738738699999	0.07207207207210001	0.120931742553	8448.66666667	12048208.2222	11166.3333333	28251101.5556	14.333333333299999	108.22222222200001	7.333333333330001	59.5555555556	0.0	0.0	9771.14285714	18230017.3605	31782.6190476	211266030.426	44.38095238100001	1645.95011338	0.0	0.0	0.0	0.0	SILVER	V	BRONZE	III	
 Mouth Owner	609	2.44187242798	923895.7777780001	0.444444444444	0.012551016952	80542070709.7	0.0385802469136	9	2.5365470600599997	1756312.4881	0.5	0.646575614932	1419243100010.0	0.0476757369615	84	3.15458988764	9270008.67	0.61	0.182168975925	5314394770680.0	0.015878723404299997	100	4.2039345063499995	997201.818182	0.545454545455	3.12770938801	362711744679.0	0.11535812672199999	22	3.46985885922	734956.351064	0.478723404255	0.43980242441699996	117995868440.0	0.0173069769241	94	3.28733637913	2962513.58462	0.538461538462	0.133848531789	1022907523290.0	0.00902329841194	260	11075.9	27348718.49	26985.3	295517271.21	57.3	2888.41	0.0	0.0	0.5	0.45	10295.5287356	13327861.8814	25330.8735632	131741159.329	75.6781609195	2188.79297133	0.540229885057	14.0644735104	0.218390804598	0.354604307042	12275.210084	23185413.7626	15934.563025200001	72486336.9015	78.9243697479	3058.84301956	0.605042016807	14.7767813008	1.42857142857	1.7238895558200003	10727.7083333	21163821.2899	11035.6666667	42240065.7222	154.91666666700002	6113.99305556	11.208333333299999	121.164930556	1.08333333333	0.6597222222219999	9755.3	13657329.45	20193.8	118511011.22	36.88	775.5856	2.54	103.5884	1.9	2.31	9534.05576208	12253419.7553	22440.9256506	135063205.794	47.2118959108	1771.10379901	4.843866171	196.12432111200002	1.4758364312299999	2.4427246721299998	SILVER	V	SILVER	III	
 PB S1N1STR0 	747	1.8035172326400002	3452588.30909	0.527272727273	0.11091945798800001	1417043462660.0	0.032011285449999996	55	1.9186885432599998	2934087.2804900003	0.512195121951	0.23357274043200002	3235288706440.0	0.0230043341658	246	2.05906896086	1182103.76316	0.486842105263	0.332313528713	367348026132.0	0.0268527678846	76	1.9309080327099999	1751135.85965	0.42105263157899997	0.31165733824299996	1415556330650.0	0.037919359803	57	2.37183457933	1245240.68421	0.47368421052599996	0.181819760191	522874437952.0	0.0186560822133	114	2.5502208789200003	1602216.70732	0.50406504065	0.50774270593	1903678697630.0	0.0230455866324	123	12031.6393443	20086925.7716	27276.2786885	146360314.758	116.93442623	7591.89733942	1.80327868852	47.535071217399995	0.8196721311480001	0.410104810535	11280.2234432	19472074.723	28819.0805861	199085691.81	97.54945054950001	5575.88125428	4.19413919414	84.1857531967	0.849816849817	0.46462450858099996	11391.067415700001	18294999.7258	20232.7977528	81131186.81300001	120.516853933	4475.41825527	4.80898876404	132.76126751700002	0.932584269663	0.849387703573	11840.0857143	20136962.0498	19262.9428571	75391229.8253	144.0	4958.88571429	1.4571428571399998	29.391020408200003	0.985714285714	0.842653061224	9339.42276423	15351844.5042	20863.2601626	131975689.91600001	35.7804878049	469.016855047	18.5447154472	696.898407033	1.3739837398399999	0.9983475444509999	10656.030534399999	15782964.5945	29307.664122099995	184009144.284	84.1832061069	4815.4168172	3.6335877862599997	80.9344443797	1.1145038167899999	0.574675135482	SILVER	III	nan	nan	
 Roll is my main	520	1.5777222777200002	624955.459459	0.37837837837800004	0.547814644398	75433244309.2	0.06478776073369999	37	1.88106866134	3098680.2365599996	0.516129032258	0.46505253885799996	6938062388630.0	0.03786922793169999	93	1.9524971504799997	2620956.95745	0.425531914894	0.362492272535	3192383375230.0	0.0316574609184	94	2.3588615059799998	1602598.48889	0.522222222222	1.5477630216799998	416820280378.0	0.06958553791889999	90	2.74995818796	666975.603774	0.547169811321	2.01212870996	323215392278.0	0.0396703776821	53	2.7450608459599994	1322501.20313	0.625	0.866988172849	1389572622380.0	0.0306881075796	64	10957.9761905	17252658.8804	25483.261904799998	112370268.146	69.5714285714	3473.53061224	6.7380952381	228.193310658	0.8095238095239999	0.773242630385	10314.125	19919978.0094	26261.1916667	191218824.405	59.3416666667	3093.29159722	14.3916666667	635.604930556	0.925	1.0860416666700001	10667.6134454	24189073.296	17412.579831900002	99506868.4285	122.352941176	4347.00148295	2.09243697479	62.655320951899995	0.705882352941	0.812654473554	12698.4948454	21392882.7036	21332.3608247	73134631.1378	152.41237113399998	4401.80933149	4.84536082474	120.81113827200001	0.546391752577	0.474651929004	9763.55172414	10999172.4887	19566.1724138	77074511.2117	42.5	2446.97413793	1.15517241379	33.096611177199996	1.12068965517	1.1061236623100001	10161.452381000001	22563531.2715	27197.9285714	250654512.04299998	66.9166666667	3461.83829365	0.880952380952	16.7477324263	0.8928571428569999	0.738520408163	SILVER	I	BRONZE	IV	
01MALTA	499	1.24831649832	250159.166667	0.166666666667	0.139955248331	19961120996.1	0.0138888888889	6	2.0346582672499998	6293011.72449	0.44387755102	0.198059932586	28887199705300.0	0.0184007219778	196	2.83773593275	6889411.380530001	0.6017699115039999	0.159927680008	10167511843100.0	0.0127483440585	113	1.5853135189399998	866913.37931	0.48275862069	0.0992117333364	192462680917.0	0.012921125644100001	29	2.3213340891900005	183639.8125	0.4375	1.37835278932	2340205816.78	0.12109375	16	2.4128477879499997	1471527.79121	0.43956043956	0.0784588113347	627885215206.0	0.008847059533870001	91	9748.66666667	3577803.22222	21248.6666667	12697354.5556	88.3333333333	1639.55555556	1.5	11.25	0.666666666667	1.22222222222	10689.3860465	17519830.0696	26672.2372093	173552004.488	82.7069767442	3926.35599784	2.24186046512	66.9647593294	1.07906976744	2.0635154137400002	11109.1484375	22025723.2358	15775.3984375	71351832.6616	129.875	3706.6875	4.71875	131.467773438	0.8046875	1.7509155273400003	11178.8709677	9164102.62851	20609.032258099996	54154418.9344	146.064516129	2435.35067638	5.29032258065	93.3673257024	0.387096774194	0.624349635796	9297.17647059	8222665.792389999	21441.0	84824154.5882	34.7647058824	487.826989619	7.9411764705899985	184.643598616	0.8235294117649999	1.91003460208	9241.10784314	14311507.8217	25581.8627451	213654405.785	56.803921568599996	2153.98116109	0.892156862745	20.3315071126	0.637254901961	1.19194540561	SILVER	IV	nan	nan	
03dias100cagar	209	2.260554722071736	6864083.82820323	0.47980711271846227	0.320478698717192	20265297829170.77	0.02661919477714487	1	1.30555555556	283638.0	0.166666666667	0.07561728395060001	7547781248.0	0.0138888888889	6	1.8419817927200002	128418.25	0.416666666667	0.311632872512	1633753461.35	0.020833333333299998	12	2.4938788952761173	6441882.871882191	0.5244037714920332	0.31061071189814654	26196227906221.355	0.021438400171657445	1	1.8568893947	193655.535714	0.428571428571	0.56341288581	14671502529.7	0.046485260771	28	2.59422345475	2045211.8038	0.5	0.173497895337	1153823692630.0	0.00612570446431	158	11680.462558592844	18106384.89288993	25065.893407028812	116465023.93893169	99.45891536337494	3904.6997646506766	2.9533758159677608	57.644084724253915	0.8208688012174268	0.7286511584593942	9568.5	7719432.25	27362.0	20885939.6667	84.1666666667	4196.13888889	0.0	0.0	0.0	0.0	8734.83333333	8051242.638889999	13663.416666699999	35403558.5764	25.25	161.6875	0.0	0.0	0.0	0.0	12352.255629860665	19933929.33629191	19233.543965213477	78592136.34436634	181.92917739702798	4454.032328296132	2.9328823551162655	63.38769537233669	0.5610814184032559	0.5425806232634869	8638.79310345	9666602.71581	15785.379310299999	44706908.3044	22.7931034483	227.681331748	1.89655172414	36.4375743163	0.0344827586207	0.0332936979786	9167.7345679	9987432.49127	20387.172839500003	100529855.95799999	31.024691358000002	259.493217497	3.01851851852	69.5243484225	0.0185185185185	0.0181755829904	SILVER	IV	SILVER	III	
08mat80	156	2.40298507463	3881624.0	0.576923076923	0.0	0.0	0.0	26	1.67331341528	1394240.06522	0.5	0.307225286495	632137938038.0	0.034377664109099995	46	2.10291223928	1147204.45455	0.545454545455	0.0417664276739	223698340481.0	0.04591368227730001	11	2.15587038652	460296.1	0.6	0.27561597392	28903657292.1	0.048333333333300005	10	3.06054421769	102711.285714	0.714285714286	0.8991667052310001	2212537786.49	0.108843537415	7	2.48133859592	402347.605263	0.552631578947	0.555843243889	25397161640.1	0.049924152486500006	38	13834.0625	26585593.4961	25585.84375	176629733.382	159.5625	3629.37109375	0.84375	22.0693359375	0.5625	0.37109375	10212.96	17995350.7184	28350.34	294657127.024	117.42	4157.9636	0.38	7.0756	0.6	0.52	13112.0	4916609.833330001	19439.75	8030708.6875	154.83333333299998	1928.30555556	0.0	0.0	0.33333333333299997	0.388888888889	13156.1666667	10805525.9722	22637.75	33102537.0208	175.5	2191.25	0.0	0.0	0.416666666667	0.409722222222	11563.285714299998	5488079.63265	25912.1428571	135498998.694	53.8571428571	1076.40816327	8.85714285714	470.69387755099996	1.2857142857100001	0.20408163265299997	10477.5116279	12647254.7615	33059.093023299996	296163002.131	74.1395348837	2637.70146025	2.20930232558	54.21200649	0.7209302325579999	0.759329367226	SILVER	II	SILVER	V	
0n3Kip	283	2.33333333333	679288.0	0.5	0.0	0.0	0.0	4	2.5091257401599996	1190025.6666700002	0.5	0.242205516412	434023707284.0	0.046296296296300006	18	2.21953658656	776867.7058819999	0.41176470588200004	0.370015899304	387801984246.0	0.0833241585404	34	2.5943539386400003	5236954.84091	0.545454545455	0.216038562481	5363394826300.0	0.017382022595400004	88	3.86171717172	1004385.7741899999	0.612903225806	0.4917513056600001	187620480914.0	0.010047463314099999	62	2.88562154051	1434045.6153799999	0.576923076923	0.50410467151	354325923020.0	0.0428007889546	26	12154.0	21937738.0	27216.2	219402280.56	182.8	6191.36	0.0	0.0	0.0	0.0	11604.5	20785054.95	33940.95	343116938.948	154.6	6835.84	12.95	184.5475	0.1	0.19	10992.027027	16507114.5668	17702.162162200002	88127488.6224	131.37837837799998	6455.80277575	0.648648648649	15.146822498199999	0.24324324324299998	0.18407596786	12735.942307700001	24218608.189	17842.826923099998	84173644.3931	190.125	5530.07091346	1.6153846153799998	35.7943786982	0.105769230769	0.113812869822	10050.835443	12531842.8463	18581.0126582	91742347.4302	21.949367088600003	226.65566415599997	4.39240506329	162.92196763299998	0.569620253165	0.523634033008	9810.36842105	24185698.9169	28074.2894737	263419464.89	60.0789473684	3484.65166205	4.34210526316	81.5934903047	0.105263157895	0.0941828254848	SILVER	III	SILVER	IV	
         ft FULL	45	2.2142857142900003	95415.0	1.0	0.0	0.0	0.0	2	2.17854555744	1283856.54839	0.6451612903230001	0.199803946015	681804518971.0	0.039199846651	31	2.3957953889900003	2511051.31707	0.512195121951	0.0523220392394	1070878959330.0	0.0138166605899	41	2.4176412414099997	4518777.15556	0.48888888888899995	0.231454312898	3087257260450.0	0.0123985890653	45	2.9557176222099995	225693.15789499998	0.526315789474	0.14739973443499998	4887859908.03	0.0336642043706	19	1.96723216627	761548.229167	0.416666666667	0.0517583728393	55558856781.1	0.00454749103943	48	10230.0	767376.0	17349.5	9938256.25	72.0	225.0	0.0	0.0	0.0	0.0	11249.8	9668806.16	27567.8	156145052.56	90.8	2944.56	0.0	0.0	1.2	0.96	11755.6666667	18136102.0889	16282.933333300001	63422315.1289	138.133333333	2522.91555556	0.0	0.0	0.133333333333	0.115555555556	9078.66666667	40110093.2222	16223.833333300001	140055823.806	121.0	7923.0	0.0	0.0	0.0	0.0	7314.85714286	8292437.265310001	15617.142857100001	48336593.8367	25.0	128.571428571	0.0	0.0	1.2857142857100001	1.63265306122	7653.5	7883576.05	18659.8	56155616.96	23.7	156.61	0.0	0.0	1.2	2.36	GOLD	IV	SILVER	V	
    I Latrocinio	114	2.260554722071736	6864083.82820323	0.47980711271846227	0.320478698717192	20265297829170.77	0.02661919477714487	1	2.08333333333	72405.5	0.5	2.00694444444	347990370.25	0.25	2	1.38095238095	205364.333333	0.33333333333299997	0.028344671201800002	1171054144.22	0.222222222222	3	2.50337719427	9031175.76531	0.581632653061	0.058734921860000004	20746615999000.0	0.008172696762819998	98	3.51851851852	163982.0	0.75	0.0	0.0	0.0	4	2.911570415585645	1529763.7819986679	0.48907388137364155	1.2529521347669643	1053426585734.1366	0.03646934074305244	1	11680.462558592844	18106384.89288993	25065.893407028812	116465023.93893169	99.45891536337494	3904.6997646506766	2.9533758159677608	57.644084724253915	0.8208688012174268	0.7286511584593942	8058.0	342225.0	22083.5	11968140.25	65.5	1332.25	0.0	0.0	0.0	0.0	9700.0	6598282.666669999	25528.3333333	21249659.5556	100.333333333	6262.88888889	0.0	0.0	1.0	0.666666666667	13669.6213592	26362895.9052	23068.0194175	116663886.03799999	184.145631068	4962.26034499	0.0	0.0	0.378640776699	0.390611744745	11770.75	2229244.6875	20137.25	60336017.1875	27.25	48.6875	0.0	0.0	1.75	1.6875	9825.625854595915	13764921.59992077	25555.493482192764	164012705.58741167	76.58292477938058	3841.630908331774	2.86599590260034	81.08102992001525	1.0857369380187498	1.4179848488727067	GOLD	I	nan	nan	
   Pyretto Blaze	271	2.0496394107700002	1223406.81579	0.447368421053	0.188845202896	813305858343.0	0.0443059402893	38	2.64922653683	1578715.85211	0.62676056338	1.3732428978400002	1067559010760.0	0.044320966795499996	142	2.8128030928500003	352942.810811	0.43243243243199997	3.0691682938	36451742547.1	0.15759678597500001	37	2.1954365079400002	213915.0	0.33333333333299997	0.78018904321	13568101117.0	0.222222222222	6	5.5076190476199995	1098077.14286	0.5714285714289999	27.2929641723	1417598071570.0	0.0663265306122	14	2.3433380508400004	349746.4	0.45	0.492001513785	32627203693.0	0.09583333333329999	20	11153.948717899999	12907965.740999999	28500.102564099998	109369197.938	62.7435897436	3981.52399737	2.9230769230799996	88.58382643	0.23076923076900002	0.43392504931000003	12562.3489933	17397543.8782	28333.5838926	226217904.162	151.214765101	7797.60488266	4.6644295302	98.9612179632	0.228187919463	0.645916850592	10720.35	23448016.1275	20104.225	121090608.574	149.775	4449.474375	3.95	35.0475	0.075	0.069375	12114.0	30139154.2857	20359.2857143	119772964.204	160.714285714	7897.63265306	0.14285714285700002	0.122448979592	0.14285714285700002	0.122448979592	11294.0714286	4587041.63776	20789.571428599997	57125259.8163	23.714285714299997	90.20408163270001	35.9285714286	1027.92346939	1.8571428571400002	6.26530612245	10953.3636364	20618467.1405	29568.454545499997	234959486.157	142.818181818	4764.51239669	6.1363636363600005	68.2995867769	0.272727272727	1.10743801653	GOLD	V	PLATINUM	V	
  PHARAA	289	2.260554722071736	6864083.82820323	0.47980711271846227	0.320478698717192	20265297829170.77	0.02661919477714487	1	4.32926020706	11673593.5	0.590909090909	0.0572910758021	14682892274400.0	0.0036556501740300004	132	3.3341780710299997	2512733.86364	0.484848484848	2.30993926286	1855414325990.0	0.0204854872839	66	2.79166666667	186803.0	0.0	0.0017361111111099997	2411497449.0	0.0	2	3.29808590103	106530.5	0.33333333333299997	0.473138547358	5464986784.58	0.111111111111	6	4.17169901496	1378783.65455	0.5090909090910001	1.7203851470599998	1168005656810.0	0.043402203856699996	55	11680.462558592844	18106384.89288993	25065.893407028812	116465023.93893169	99.45891536337494	3904.6997646506766	2.9533758159677608	57.644084724253915	0.8208688012174268	0.7286511584593942	12796.5838926	19031947.5987	25935.409396	248496938.255	198.26174496599998	5755.54893924	2.4429530201299996	89.1594973199	3.15436241611	3.56677627134	12729.4084507	17453568.0444	22637.5915493	184992663.509	190.19718309900003	7196.55266812	10.1830985915	258.910136878	3.85915492958	4.57171196191	15683.5	6282542.25	26374.0	1940449.0	236.0	1681.0	0.0	0.0	4.0	1.0	12536.0	6044061.0	25549.8333333	52099253.4722	51.5	114.583333333	5.666666666669999	160.555555556	4.5	5.916666666669999	10355.1833333	14309023.6831	24531.0833333	145038922.61	71.3	1464.34333333	4.05	132.6475	5.18333333333	6.48305555556	GOLD	III	SILVER	II	
 BR RIVEN NHAAAA	82	4.57142857143	294847.0	0.5	0.0	0.0	0.0	2	2.18481621454	7396631.04688	0.546875	0.11619251350099999	13025834431200.0	0.010042821415600001	64	1.9745098039200002	334879.0	0.666666666667	0.382383698577	14169177800.0	0.0555555555556	3	2.4938788952761173	6441882.871882191	0.5244037714920332	0.31061071189814654	26196227906221.355	0.021438400171657445	1	3.34343434343	1464059.2727299999	0.7272727272730001	0.211570247934	178034921201.0	0.007438016528930001	11	2.911570415585645	1529763.7819986679	0.48907388137364155	1.2529521347669643	1053426585734.1366	0.03646934074305244	1	13139.5	9409556.25	20221.5	55078662.25	198.5	1560.25	0.0	0.0	1.0	1.0	14332.8	18782738.4985	27971.2	164261578.898	182.553846154	10358.7701775	0.29230769230799997	5.4684023668599995	2.12307692308	1.1848520710100001	11078.0	47468041.5	16799.25	127122355.188	166.75	10339.6875	0.0	0.0	1.75	1.1875	12352.255629860665	19933929.33629191	19233.543965213477	78592136.34436634	181.92917739702798	4454.032328296132	2.9328823551162655	63.38769537233669	0.5610814184032559	0.5425806232634869	13430.4545455	7572804.975210001	25042.0909091	45202140.9917	220.181818182	2493.96694215	0.0	0.0	1.8181818181799998	1.9669421487599998	9825.625854595915	13764921.59992077	25555.493482192764	164012705.58741167	76.58292477938058	3841.630908331774	2.86599590260034	81.08102992001525	1.0857369380187498	1.4179848488727067	GOLD	II	GOLD	V	
 Chuunin	76	3.01818181818	162943.0	1.0	1.9094214876	312900721.0	0.0	2	2.70729270729	430691.53846199997	0.307692307692	0.754649501902	40324176310.9	0.033530571992099995	13	6.4375	127278.5	0.75	14.82421875	751854613.25	0.1875	4	3.6793771043800003	574987.666667	0.666666666667	1.7266104244299998	103476136168.0	0.152380952381	21	3.51184415584	103296.24	0.36	1.9659772215200002	2479126224.42	0.035733333333300005	25	5.1	68197.0	0.666666666667	0.0	0.0	0.0	3	14096.5	2596932.25	31608.0	23707161.0	141.5	3540.25	23.0	529.0	4.5	0.25	11159.3333333	11647769.2889	31173.6	166408031.973	47.6	1285.84	3.66666666667	88.22222222219999	4.13333333333	3.5822222222199995	9553.6	22039813.44	12126.2	59516918.96	131.8	4878.16	4.0	64.0	3.4	7.84	13614.857142899999	13338337.7415	20463.6666667	74362908.8889	210.42857142900002	3861.4829932	0.0	0.0	2.0	1.52380952381	8483.27586207	9859319.16528	13999.689655200002	43146034.213999994	28.9310344828	1608.34007134	4.03448275862	243.34363852599998	4.586206896549999	5.07015457788	6354.0	13203438.0	11047.5	49196503.25	25.25	245.1875	0.0	0.0	3.25	3.6875	GOLD	III	nan	nan	
 Exhaust Chain	564	2.02325581395	1826392.4736799998	0.39473684210500004	0.00826611327309	372187354983.0	0.00228641779888	38	2.30256782905	1428904.50633	0.40506329113899997	0.599097607387	1386527370100.0	0.0559832768133	79	2.18431459567	946139.142857	0.428571428571	0.221322251834	272521846942.0	0.013061224489799999	35	2.96388888889	125382.66666700001	1.0	1.5192746913600002	4649334256.22	0.0	3	3.65825284182	971873.1809520001	0.457142857143	0.39128547287199994	664986165327.0	0.0133472249492	210	3.5300702939099997	2070167.08148	0.555555555556	0.7479715195119999	4050008009580.0	0.0333744855967	135	10497.35	12782032.2275	27333.525	111748090.299	31.775	435.324375	0.7	19.11	0.4	0.64	10067.5647059	13702609.1399	29197.9058824	223633839.70900002	62.2117647059	3323.57868512	4.5882352941199995	63.4422145329	0.36470588235299994	0.6787543252600001	10363.9722222	10055663.3048	21322.1944444	133565799.657	91.9166666667	5029.07638889	0.472222222222	7.804783950619999	0.861111111111	2.17515432099	13632.5	8059297.25	17772.25	30849682.1875	145.5	3660.75	2.75	22.6875	0.0	0.0	8721.1965812	10426852.4656	16340.9700855	78826193.4051	19.1538461538	450.80539119	2.0170940170900002	91.83731463219999	2.1623931623900003	4.076192563369999	10274.1757576	15545928.5812	26886.787878799998	214938809.925	65.6060606061	5088.10541781	2.11515151515	60.5867401286	1.04242424242	2.39213957759	GOLD	V	BRONZE	I	
 Farráias	593	1.73080755662	3041003.59813	0.476635514019	0.0720632531857	6487904019140.0	0.0316414617205	107	1.98435605877	6547796.55947	0.46696035242299994	0.572946964656	17337148390400.0	0.0173643383598	227	1.7347029663599998	1285597.2	0.44	0.26865670536999997	515314694319.0	0.06917492877489999	75	1.70987095558	1433634.25862	0.413793103448	0.26991809067600003	530757791604.0	0.0629941138265	58	2.43985319858	794832.166667	0.642857142857	0.174136651604	138304098940.0	0.0222436293865	42	2.10251226551	478987.24	0.4	0.388115705694	86553303469.1	0.0728571428571	25	12521.8376068	16708485.9822	25746.2991453	92911840.0216	147.820512821	6218.86522025	3.6495726495699996	89.219081014	1.29914529915	1.2011103806	12368.686747	16746364.5043	28905.457831299995	170754871.509	133.85542168700002	8274.73411719	5.99598393574	143.07227302799998	1.6144578313299998	2.0923210916	11976.034883700002	22386257.3825	22777.5581395	180321752.61900002	177.01162790700002	5969.89521363	5.93023255814	134.553272039	1.1511627907	1.05854515955	11799.692307700001	25389523.3515	20266.9692308	90763765.2914	182.323076923	7370.83408284	0.476923076923	7.234082840239999	0.692307692308	0.705325443787	10494.061224500001	10117122.5473	23351.3265306	117079720.873	78.1632653061	4576.74885464	3.7142857142900003	150.163265306	1.22448979592	0.9496043315289999	12019.6666667	14503806.5926	35751.1111111	292355418.765	153.074074074	5082.51303155	4.81481481481	153.113854595	1.44444444444	0.765432098765	GOLD	IV	GOLD	IV	
 My name is HarD	159	1.50166666667	161619.2	0.2	0.446677777778	11060883818.2	0.06	5	2.54760037348	307572.333333	0.33333333333299997	2.38636702751	25739931893.0	0.08	15	2.69207977208	894029.0	0.416666666667	0.471846312862	377959827797.0	0.0356691919192	24	2.48087558726	2628631.4807700003	0.44230769230800004	0.146746203897	3413452292360.0	0.027298378259900002	52	6.17424242424	71454.6363636	0.545454545455	5.2354224058800005	1465792993.5	0.0888429752066	11	3.0942014126200004	294253.8	0.533333333333	2.18818389285	26962135197.5	0.0766666666667	15	10959.0	10629075.6	23928.0	86887853.6	131.2	4158.96	7.2	97.36	0.8	0.16	9662.15789474	18539483.0803	23291.157894699998	117025409.60700001	68.6315789474	4247.1800554	0.0	0.0	1.05263157895	0.681440443213	12162.111111100001	10803829.6543	19279.4444444	67499942.32100001	151.888888889	3920.98765432	4.40740740741	93.1303155007	0.814814814815	0.373113854595	12213.6666667	20259726.8356	17634.8933333	64556596.4686	173.573333333	3554.77795556	0.25333333333299995	4.74915555556	0.41333333333300004	0.402488888889	8191.14285714	5373748.979590001	12531.642857100001	38343076.9439	26.714285714299997	1416.48979592	2.1428571428599996	59.69387755100001	1.7142857142899999	1.20408163265	9867.05263158	30017566.9972	26904.0526316	273570962.366	93.2105263158	6068.3767313	0.0	0.0	0.8421052631579999	0.659279778393	GOLD	V	BRONZE	I	
 OAB Civil 	246	2.6071428571400004	258113.0	0.75	0.36862244898	4497445969.0	0.0625	4	1.69722222222	127278.83333299999	0.33333333333299997	0.290408950617	828669967.472	0.138888888889	6	1.9431946725099998	192311.5	0.222222222222	1.20754793308	14481011693.4	0.0524691358025	18	2.14451551904	1449920.3559299998	0.44067796610200005	0.27013808050099997	1102551019300.0	0.035665111325800004	59	3.1244870072400004	336694.976923	0.507692307692	0.39553774493199995	20747572342.2	0.00854825961849	130	2.40408824003	132142.9375	0.375	0.634502791093	5768580349.18	0.05729166666669999	16	13227.75	2865085.6875	22874.0	38802796.5	153.25	1719.6875	16.75	106.6875	0.25	0.1875	11084.0	2471969.33333	32363.1666667	109755991.80600001	90.8333333333	1809.47222222	9.5	92.5833333333	0.5	0.25	9354.38095238	30303654.8073	15403.8095238	158446160.345	74.0	6422.57142857	15.2380952381	495.800453515	0.8571428571430001	1.55102040816	11200.419354799998	13549288.7919	18849.419354799997	60715688.7274	156.741935484	2352.86888658	6.387096774190001	101.979188345	0.290322580645	0.367325702393	9337.82222222	10526981.0647	16170.1185185	58213485.1119	13.148148148099999	81.8150891632	31.503703703699998	1121.50924554	1.13333333333	1.21185185185	8864.72222222	13052326.9784	24759.222222200002	115856537.173	69.55555555560001	3890.02469136	21.7777777778	555.061728395	1.16666666667	0.916666666667	GOLD	V	PLATINUM	V	
 BZo O Homem Só	631	2.22633697952	1725074.6307700002	0.553846153846	0.351869179234	1786687011350.0	0.04935944397480001	65	2.1214926933099996	1846610.1308900001	0.5445026178010001	0.289024109494	1556236732320.0	0.0369133021068	191	2.46646354095	572878.425532	0.574468085106	1.9087571426900003	104189891343.0	0.04561965121040001	47	2.38354830347	1595876.47222	0.518518518519	0.444142141527	696089074079.0	0.042019177667300005	108	2.2334773585799996	879127.058824	0.43137254901999994	0.0233065568067	125037911374.0	0.0159718789477	51	2.9815931254400003	1450449.25882	0.45882352941200005	1.19989113514	1251893093220.0	0.0396464896119	85	12153.92	13829419.1136	28043.8933333	119552235.295	77.08	3868.7136	0.76	27.4890666667	0.92	1.6202666666699999	11559.2943925	15158928.6096	28116.135513999998	159681448.753	94.3317757009	6373.04413049	1.4719626168200002	38.6884662416	1.1261682243	1.34389466329	12365.26	11354200.8724	22048.26	104252178.27200001	133.74	5243.1124	1.94	51.0964	0.82	1.4276	13151.8992806	19579311.6445	20400.4244604	79427265.7407	186.438848921	5523.41172817	0.258992805755	3.4868795611000003	0.323741007194	0.362817659541	9534.90740741	10711229.4174	21794.148148099997	70200514.1262	58.685185185200005	2597.40089163	0.759259259259	15.0716735254	1.24074074074	1.8124142661200002	11039.1313131	11843604.1141	30027.212121200002	151254006.329	91.0101010101	4810.89888787	2.9595959595999997	57.8771553923	1.4040404040399999	1.10947862463	PLATINUM	V	PLATINUM	III	
 CalI me Vayne	794	2.55653060525	1894749.3076900002	0.5128205128209999	0.265905813277	1108240747310.0	0.0234542167234	78	2.7972411945499998	4114124.7926800004	0.5	1.3283918869700002	8136726441890.0	0.027994320613099997	164	3.00973939239	895396.890244	0.5	1.54245560564	250601776106.0	0.0415319098246	82	2.61844133383	4769918.11053	0.48947368421099996	0.291069734836	12080921149700.0	0.0165366701025	190	4.99518166587	504190.62903199997	0.467741935484	2.5431986165700002	82194941781.4	0.0206480780752	124	3.07906746032	230499.13636399998	0.5	2.13741602086	12334301790.3	0.13636363636399998	22	11242.0777778	23963950.6273	22127.611111099995	114555921.749	126.588888889	5350.95320988	5.3	81.36555555560001	0.288888888889	0.472098765432	11783.7595628	16533564.9258	25047.770491799998	157633276.122	121.901639344	8575.15972409	0.42076502732199994	9.83935023441	0.5191256830600001	0.654005792947	12180.442307700001	16180032.8428	16772.3846154	67742260.4482	181.807692308	5154.02071006	0.403846153846	8.798446745560002	0.528846153846	0.556860207101	12366.789916	21358271.1407	19121.2647059	80149051.2198	190.478991597	4717.51006285	0.0504201680672	0.602499823459	0.483193277311	0.358961231551	8907.79054054	13309308.3007	16081.8716216	104045048.09799999	24.9054054054	2176.85591673	0.5337837837839999	27.046155953299998	1.4797297297299998	1.04688641344	11588.1290323	12766125.2092	29379.9032258	141554195.24899998	142.64516129	10210.0353798	2.3225806451599995	39.8959417274	0.5806451612899999	0.630593132154	PLATINUM	IV	GOLD	I	
 Druggman	588	2.34454999653	465714.25	0.25	0.247535660134	25335244810.2	0.031666666666700004	20	2.80943136583	3295975.38144	0.41237113402099995	0.48135191189099996	7107412324640.0	0.037907382588	97	2.93997618968	2566003.98276	0.48275862069	0.375232812087	2617961858630.0	0.008556046279	58	3.42594432518	10581321.8319	0.56862745098	0.202103677281	10248060413900.0	0.005770639651959999	357	4.51613230519	140686.375	0.5	4.0014166612	7919194676.48	0.102083333333	16	2.76759834369	313822.111111	0.222222222222	1.5846170147299998	68161379511.2	0.033950617284	9	12129.0	20666275.7	23138.0	108415570.1	144.6	3941.54	5.85	98.3275	0.65	1.0275	11278.0	22908687.0476	22380.352381	120125409.371	84.4285714286	5701.52108844	2.8857142857099998	78.7678911565	0.228571428571	0.27156462585	12228.885245899999	20042713.6426	18369.8032787	95039057.5679	184.491803279	4790.74173609	2.86885245902	64.8680462241	0.34426229508199996	0.455253963988	13015.1206434	21840992.535	17144.8847185	64651937.3299	202.65951742599998	4674.62669896	4.33243967828	104.173666166	0.257372654155	0.28228478606199997	10182.0	22663846.7778	18930.0555556	156442784.60799998	37.5	1784.25	9.38888888889	352.348765432	0.5	0.361111111111	8201.0	25463457.2727	21701.727272699998	243046047.653	35.6363636364	1517.32231405	2.6363636363599996	69.5041322314	0.45454545454499995	0.429752066116	PLATINUM	V	BRONZE	V	
 Mukou Hadan	230	3.0188442473299997	1650935.0392200002	0.49019607843099994	3.71412031323	826355103346.0	0.050277365848300004	51	2.91890088885	786155.301887	0.490566037736	2.22682388558	278467791221.0	0.0692506229975	53	2.97313892948	566487.6	0.45	17.7345535473	109543456006.0	0.0954166666667	20	2.26257461485	739749.387097	0.290322580645	0.259469997932	108323575866.0	0.0110276993211	31	3.6711936090199995	109858.625	0.5	9.87718205656	2674113417.61	0.149553571429	16	1.5851481851499998	133568.0	0.14285714285700002	0.125621724263	5860043913.71	0.05102040816330001	7	12173.0869565	21777746.6881	23203.369565200002	129192935.42899999	147.043478261	6565.86767486	4.739130434780001	73.0623818526	0.576086956522	0.5920368620040001	11477.3333333	19764793.8012	26842.6315789	235777475.917	114.87719298200001	6657.75684826	2.33333333333	34.9590643275	1.0701754386	1.04770698677	11620.4	23708584.24	18297.7	71444644.71	177.75	5250.1875	12.1	126.39	1.05	0.8475	10859.5714286	28021314.0735	16872.885714300002	96217146.3298	168.942857143	6845.82530612	3.97142857143	68.7134693878	0.657142857143	0.5681632653059999	8627.16666667	12363569.1389	15707.888888899999	65165327.2099	23.5	244.69444444400003	17.111111111099998	590.654320988	2.72222222222	2.7561728395099996	9774.25	12050091.1875	27258.125	152265798.109	128.25	6459.4375	10.0	188.25	1.375	1.484375	PLATINUM	V	nan	nan	
 NORIG  OVATSUG	512	2.5204155831599997	29723922.1486	0.599099099099	0.0756277386593	127650561605000.0	0.00764683602521	222	1.8034378420700001	2348459.1546400003	0.474226804124	0.23004159248000003	2388379012470.0	0.023580560022	97	1.2157186948899998	144992.333333	0.5	0.312241984271	1492516784.89	0.166666666667	6	2.29433760684	373764.666667	0.33333333333299997	0.44006278992299996	51002381391.2	0.138888888889	6	1.76244716822	127002.230769	0.38461538461499994	0.265761092754	9102294555.56	0.10481825866399999	13	2.14719551282	344999.9375	0.375	2.3180097836	85627933885.9	0.140625	16	13254.2247191	22462423.1031	28026.056179799998	144227941.491	67.6104868914	3280.32768029	2.6329588015	54.6368163391	1.29213483146	0.768589824517	12050.30625	16585207.3875	29454.51875	167897268.637	135.6625	9535.72359375	3.65	72.6275	0.94375	0.8030859375	12943.620689700001	20241686.9941	22708.862069	115689678.05	181.27586206900003	4861.02734839	0.48275862069	6.5255648038	0.620689655172	0.856123662307	13294.909090899999	35668186.8099	23182.5909091	105265016.969	174.909090909	7670.90082645	0.0	0.0	0.40909090909100004	0.514462809917	7405.8	7761850.826669999	19540.0	91933280.2667	29.7333333333	380.59555555599997	0.0	0.0	2.6	2.90666666667	11575.3157895	20914671.1634	31455.684210500003	205126095.163	144.526315789	9881.61772853	1.7894736842099996	31.0083102493	1.89473684211	1.35734072022	PLATINUM	II	SILVER	II	
 O Moon é God	336	2.10819554238	556943.666667	0.407407407407	0.32735964016999997	16635166054.5	0.0221585341956	27	2.88874676191	736987.038462	0.576923076923	10.7656652323	198249978276.0	0.0575443786982	26	3.1535831124900002	11932544.8025	0.5605095541399999	0.8821928297239999	40206756815300.0	0.0127507160785	157	1.30158730159	124213.0	0.0	0.0549256739733	1349699868.67	0.0	3	3.05898912686	570509.430108	0.559139784946	0.352287348808	157332306417.0	0.013351703316899999	93	2.6899411752900004	472783.25	0.45	1.07509403732	109125381278.0	0.136785714286	20	11149.2222222	7964785.65432	23553.7037037	58386352.2826	143.037037037	868.109739369	1.22222222222	20.9135802469	0.37037037037	0.529492455418	12396.5925926	9109683.87106	33316.444444400004	88059807.4321	110.59259259299999	6690.38957476	0.0	0.0	0.148148148148	0.200274348422	12416.714285700002	12818882.0302	20076.7391304	58702500.8636	185.440993789	2908.58192199	1.10559006211	20.4049998071	0.32298136646	0.392577446858	11306.3333333	8313681.55556	21794.6666667	45540220.2222	178.0	308.666666667	0.0	0.0	0.33333333333299997	0.222222222222	9211.27368421	9717394.47247	18926.8210526	60302855.9785	29.884210526300002	1297.51290859	2.5578947368400002	84.8571745152	2.07368421053	1.7735180055400002	9976.39130435	14067553.8904	26580.434782599998	154816122.941	127.52173913	5308.77126654	0.0	0.0	0.08695652173910001	0.07939508506620001	PLATINUM	II	PLATINUM	II	
 OFS Apprentice	1418	2.06428714606	3838867.8717900002	0.435897435897	0.12508220430199998	3599613048490.0	0.0159627646807	117	2.0324464604499997	5018623.14634	0.467479674797	0.40161087652800004	10403556315500.0	0.019688812650799997	246	2.43262544072	5186465.89655	0.520376175549	0.231354813222	14166740351600.0	0.0135367968001	319	2.15834006351	14226918.8167	0.542592592593	0.0603477059846	128441568377000.0	0.00690486677571	540	2.81248460496	796713.566038	0.452830188679	0.8862359735700001	448415133675.0	0.036678872332099995	53	3.8044984731000002	588057.511628	0.418604651163	10.5795928572	362225560221.0	0.09221200649	43	12661.8515625	18149970.0327	24049.0625	115130927.371	165.265625	3289.36694336	2.3203125	44.998962402299995	0.25	0.28125	11978.191881899998	17941383.882	28507.881918799998	173374940.067	123.87822878200001	6604.10694299	4.0147601476	92.50162715649999	0.346863468635	0.35201045737400005	12806.2404692	20356380.47	19421.137829900003	93267536.0543	189.319648094	4387.76586029	4.13782991202	65.8138474901	0.431085043988	0.432934013295	12684.469244299999	17043107.7007	21320.685413	80021030.4441	188.95957820700002	3687.66268945	3.34622144112	62.6797792199	0.383128295255	0.33475928230999996	9545.78333333	15255097.2031	22243.0166667	138090342.783	39.8166666667	1461.91638889	4.83333333333	111.738888889	0.766666666667	0.612222222222	10648.938775499999	14871531.6901	30672.9387755	178594291.69	84.8367346939	5995.48354852	0.918367346939	8.76884631404	0.489795918367	0.6172428154940001	PLATINUM	II	GOLD	III	
 RespectMyStory	749	2.19247220503	5235996.90833	0.45	0.212770340735	12911879095200.0	0.0285100124669	120	2.3382916909299998	8932838.037039999	0.498575498575	0.24208768172400003	51869744288400.0	0.016813620622	351	2.20464992625	709150.5	0.42592592592600004	0.422766316325	181620016672.0	0.030531950902299997	54	2.4017571503	957898.7424239999	0.515151515152	0.563341123007	288600105520.0	0.0456847025029	66	3.22546580244	1128652.26531	0.46938775510200004	1.80028473243	2511934903730.0	0.0381452366875	49	3.2783009317	1161950.57746	0.619718309859	0.6331642067050001	628249588918.0	0.040244991073199995	71	11902.12	14354961.0496	28601.007999999998	123685597.36799999	64.112	4115.027456	4.216	96.649344	1.624	0.986624	11571.008152200002	13903024.269000001	28451.217391299997	163134264.991	76.7880434783	5168.50398748	4.96739130435	167.59676276	1.51630434783	1.36929938563	11646.6964286	12191850.9257	20639.803571400003	79645317.5507	147.089285714	5346.47417092	3.23214285714	158.35682398	2.1428571428599996	2.55102040816	10813.704225399999	20121490.659	16984.028169	65419094.5344	158.647887324	4642.03094624	2.52112676056	51.911525491000006	1.5915492957700001	1.05852013489	9889.62	6522831.8756	21470.68	55244833.6176	19.06	94.8564	15.34	711.0644	3.8	5.28	10574.5316456	11518211.0085	28393.3797468	137330376.236	114.265822785	6494.22047749	4.98734177215	195.126422048	1.7215189873400003	1.8464989585	PLATINUM	III	nan	nan	
01110011	800	2.49162139817	718039.538462	0.38461538461499994	0.7193195931640001	272023144273.0	0.0283530571992	26	2.70554032695	28295065.449	0.531680440771	0.159039286683	169825966665000.0	0.009056443498860001	363	2.48135833615	1055774.5581399999	0.441860465116	0.521373250202	235862131044.0	0.0341428657275	43	1.98929513657	5016292.26733	0.445544554455	0.038841406963199994	13140811462400.0	0.023126217371200002	101	3.36192729678	439656.67368400004	0.515789473684	0.676639492832	22010691539.3	0.0210717672963	95	2.9822116326700003	1156156.72222	0.444444444444	3.15340219045	800846615577.0	0.0326968790737	54	10443.354838700001	19043091.7128	23954.4516129	129923141.925	55.8064516129	3952.73673257	3.87096774194	91.9188345473	2.41935483871	3.9209157128	10990.4753695	14497911.7124	28810.364532	161153296.774	39.6403940887	3420.90024024	7.8866995073899995	339.913271373	2.93349753695	4.47587298891	12343.266666700001	11439957.1289	18425.0222222	78988681.1773	191.977777778	3297.08839506	5.488888888890001	136.027654321	2.71111111111	2.38320987654	11790.266666700001	19097189.1956	20453.5166667	87891460.9331	177.266666667	4924.17888889	0.9666666666670001	30.8155555556	1.2833333333299999	1.18638888889	9023.00729927	11430415.0583	19725.4671533	104494699.373	20.321167883199998	166.62677819799998	1.6715328467200001	100.162182322	3.6496350365	8.227609355850001	9370.40983607	12443814.0779	28096.262295099998	218751184.259	46.9344262295	3221.11045418	7.049180327869999	168.407417361	3.5409836065599998	6.34668099973	PLATINUM	III	SILVER	III	
0TheLordMaster0	514	2.7864312481299995	1131532.4680899999	0.6170212765959999	0.540887676511	345051521201.0	0.033857523694599996	47	2.60540965317	1578324.44167	0.5666666666669999	0.778539293516	1117672589710.0	0.0556809326295	120	3.11318570147	1327577.37931	0.48275862069	1.74639284437	385216319442.0	0.040949770052	87	3.41797568115	4449203.95575	0.5929203539819999	0.483774426952	13167700713900.0	0.0128236915501	113	3.4397406559900006	218934.73913000003	0.652173913043	2.3196023554700003	18195891252.9	0.0437073953142	23	3.0777759861500003	639321.537037	0.388888888889	1.7241287232299998	120045913184.0	0.0567313345091	54	13484.098039200002	16867932.01	27863.0196078	138974333.705	127.941176471	5158.83967705	1.82352941176	60.302191464799996	1.03921568627	0.78277585544	12300.9270073	16592446.2137	29608.3941606	229404266.48700002	133.284671533	6863.32772124	0.56204379562	12.100165165999998	0.9708029197079999	0.568490596196	12672.344086	17511244.1612	17655.8494624	66148327.3322	189.64516129	4385.75580992	1.4623655913999998	39.3453578448	0.978494623656	0.580182680079	14210.781690099999	20672973.4664	19853.2464789	73040910.0731	214.373239437	4198.13534021	0.781690140845	24.0438901012	0.633802816901	0.35885736957	10054.185185200002	12560035.8546	20570.7037037	89820805.5418	54.7777777778	3179.0617284	3.22222222222	185.80246913599998	1.37037037037	0.751714677641	11290.296875	27300210.5212	30883.390625	299168005.894	142.375	10978.140625	5.296875	196.146240234	1.21875	0.9208984375	PLATINUM	IV	GOLD	II	
 RVG HyperX Hero	166	2.260554722071736	6864083.82820323	0.47980711271846227	0.320478698717192	20265297829170.77	0.02661919477714487	1	3.9523809523800004	194954.5	0.75	0.334183673469	84573106.25	0.1875	4	2.6748984284099997	1394881.22222	0.462962962963	0.595896813577	597247887077.0	0.037337105624099996	54	3.27866204523	1522747.84848	0.7272727272730001	0.421878586612	547758928721.0	0.010756919847799999	33	3.338003380835021	1217417.1694138742	0.49546578730420193	1.001510970282708	1260613638859.7754	0.01964309686686008	1	3.4042065803400003	1608293.9230799999	0.5	0.505045179136	599368718023.0	0.0467948717949	52	11680.462558592844	18106384.89288993	25065.893407028812	116465023.93893169	99.45891536337494	3904.6997646506766	2.9533758159677608	57.644084724253915	0.8208688012174268	0.7286511584593942	14248.4444444	13744231.5802	38366.8888889	597116745.654	207.55555555599997	4164.69135802	0.0	0.0	0.666666666667	0.666666666667	11586.2545455	15807105.7898	20096.4727273	94736322.1765	173.018181818	3199.29057851	2.47272727273	78.1401652893	0.836363636364	0.6095867768600001	13621.117647100002	9243704.809689999	21642.088235299998	66329931.3746	195.91176470599999	2240.72750865	0.852941176471	24.0077854671	0.5	0.426470588235	9175.676798366509	11601407.540665831	18078.42403916566	85694268.81888403	30.136374695611504	1002.291012799328	6.863711316336405	263.60171887453595	1.6135957552635456	1.9522036893138053	10630.8181818	13085761.1791	23619.8484848	131142250.91600001	159.0	6090.48484848	0.0	0.0	1.01515151515	0.833103764922	DIAMOND	III	PLATINUM	V	
 WANTED is here	730	2.260554722071736	6864083.82820323	0.47980711271846227	0.320478698717192	20265297829170.77	0.02661919477714487	1	1.33333333333	105634.333333	0.0	0.29024943310699997	1739870723.56	0.0	3	2.52274147994	1334939.92135	0.41573033707900003	1.41132386914	716334485265.0	0.0337537416266	89	2.41430280996	5165112.55285	0.50406504065	0.128441307707	11275721263900.0	0.0115274869885	123	3.3778486965400005	2049197.331	0.501165501166	0.138569442259	1500911896870.0	0.005610211466850001	429	2.52272727273	42321.0	0.0	0.955061983471	23059204.0	0.0	2	11680.462558592844	18106384.89288993	25065.893407028812	116465023.93893169	99.45891536337494	3904.6997646506766	2.9533758159677608	57.644084724253915	0.8208688012174268	0.7286511584593942	7829.33333333	5130080.88889	19839.6666667	58004374.2222	25.6666666667	280.88888888900004	5.33333333333	56.888888888900006	2.0	0.666666666667	9959.69298246	17944013.0724	15164.210526299998	82632900.7452	55.5789473684	3871.92797784	3.56140350877	150.333948907	1.59649122807	1.6617420744799998	11761.6119403	18689003.5211	18392.4701493	97103480.876	157.917910448	5604.03057474	3.71641791045	56.9494319448	0.671641791045	1.07128536422	8980.76470588	11251762.8396	16975.7121849	88032583.9907	19.7352941176	412.66522491300003	9.03571428571	354.093262305	1.4054621848700002	1.18644075277	8646.66666667	5460416.88889	28078.3333333	62652651.5556	42.0	370.66666666699996	13.0	338.0	2.0	0.666666666667	DIAMOND	V	PLATINUM	V	
0101101010101	323	2.83924731183	682121.9	0.6	0.0887758700428	102513499246.0	0.0185714285714	10	5.5625	155684.25	0.75	23.75390625	1442195755.19	0.0625	4	3.0874402763999997	7531724.5812800005	0.527093596059	0.693986355173	26788985445600.0	0.015937845790899997	203	2.77826086957	671926.6	0.6	1.2976181474500001	96802374708.6	0.09	5	4.3169462972099995	992276.9436620001	0.633802816901	0.0492760906604	28381868749.9	0.0029259276484699995	71	2.88333333333	234392.2	0.4	0.387777777778	16025945925.8	0.106666666667	5	11443.3	7265150.01	18413.5	63816353.25	179.5	1503.45	1.4	17.64	0.7	0.41	11078.75	17619918.1875	20162.75	30720990.6875	153.75	3230.6875	4.75	67.6875	0.0	0.0	12258.2155963	16255895.2425	15854.752293599999	54364438.2597	188.871559633	4928.42387004	0.330275229358	8.799175153610001	1.0504587156	1.0570869455399998	11384.375	35613190.4844	16258.625	79187029.2344	176.125	5830.359375	0.0	0.0	0.125	0.109375	8868.26923077	12489615.4019	15465.243589700001	67214157.1586	21.2948717949	178.772024984	0.0	0.0	2.2179487179499997	1.7345496384	10249.8	14395302.96	24860.6	267009927.04	174.2	1885.76	0.0	0.0	0.8	0.96	DIAMOND	I	PLATINUM	III	
1000msThxLpnet	189	2.9365079365099995	2042631.0	0.5	0.0	0.0	0.0	14	3.15346608382	6731160.31507	0.609589041096	0.766052081845	8862605552370.0	0.0009290726475	146	6.923076923080001	567684.0	1.0	0.0	0.0	0.0	3	2.4938788952761173	6441882.871882191	0.5244037714920332	0.31061071189814654	26196227906221.355	0.021438400171657445	1	3.338003380835021	1217417.1694138742	0.49546578730420193	1.001510970282708	1260613638859.7754	0.01964309686686008	1	4.26262626263	1333119.0	0.666666666667	13.832356756600001	178744075158.0	0.0100529100529	21	12833.0	26823781.8571	20935.2142857	101033498.168	207.92857142900002	7070.20918367	0.28571428571400004	1.0612244898	0.0	0.0	12243.261745	22446423.5221	20096.3221477	118580913.574	207.724832215	6475.62226927	2.20805369128	35.1177874871	0.221476510067	0.252961578307	17740.3333333	41360629.5556	16313.0	52437540.6667	185.33333333299998	18371.5555556	0.0	0.0	0.33333333333299997	0.222222222222	12352.255629860665	19933929.33629191	19233.543965213477	78592136.34436634	181.92917739702798	4454.032328296132	2.9328823551162655	63.38769537233669	0.5610814184032559	0.5425806232634869	9175.676798366509	11601407.540665831	18078.42403916566	85694268.81888403	30.136374695611504	1002.291012799328	6.863711316336405	263.60171887453595	1.6135957552635456	1.9522036893138053	12625.8181818	18035301.4215	34337.0454545	279993636.77099997	203.545454545	7482.24793388	1.9090909090900001	62.7190082645	0.0454545454545	0.0433884297521	DIAMOND	V	nan	nan	
19990406	287	2.6037414966	273195.0	0.714285714286	1.2200915513600001	26884138145.4	0.108843537415	7	2.12007248721	4513456.826090001	0.434782608696	0.16565344293099998	7960561899840.0	0.0383191556396	46	2.5	305571.6	0.4	7.6	42852811253.4	0.106666666667	5	2.25303163789	5193024.23267	0.554455445545	0.255515896643	11744004915600.0	0.0217770487211	202	3.338003380835021	1217417.1694138742	0.49546578730420193	1.001510970282708	1260613638859.7754	0.01964309686686008	1	1.64285714286	262621.0	0.5	0.0	0.0	0.0	2	14188.75	17737118.9375	31526.875	149487131.859	82.875	5458.859375	0.0	0.0	0.375	0.234375	13589.102040799999	22810330.8671	28825.530612199997	182660188.98400003	121.653061224	5063.53269471	2.12244897959	41.413577675999996	1.04081632653	1.01874219075	10161.5714286	8276629.67347	20727.0	69932900.0	144.857142857	5355.26530612	7.42857142857	49.102040816300004	0.714285714286	0.775510204082	13354.8318182	23673967.8944	22230.9954545	113148219.168	199.972727273	5264.74471074	2.43636363636	81.8004958678	0.39545454545500003	0.28452479338799996	9175.676798366509	11601407.540665831	18078.42403916566	85694268.81888403	30.136374695611504	1002.291012799328	6.863711316336405	263.60171887453595	1.6135957552635456	1.9522036893138053	10295.5	294306.25	24803.5	20752580.25	46.0	36.0	0.0	0.0	2.0	0.0	DIAMOND	IV	GOLD	I	
19990516	609	2.14788286751	2051146.5641	0.5128205128209999	0.270715229034	2027204661820.0	0.06635365749080001	39	1.6983613038799998	1798763.28736	0.48275862069	0.730506807559	704198180876.0	0.0200660879615	87	1.8694869458	360767.368421	0.315789473684	1.1181102571400001	69371084069.3	0.126592797784	19	2.3793343316	7581205.840580001	0.5424430641820001	0.137576301021	12429738260500.0	0.012043186919899999	483	2.4053636363599997	156085.04	0.4	0.481549020661	3948655445.24	0.049	25	2.36011904762	196338.125	0.125	0.783615008503	13319292869.9	0.046875	8	12955.25	14929525.5208	26989.972222200002	104534031.91600001	164.972222222	4343.08256173	6.44444444444	186.24691358	1.5	1.19444444444	11720.5789474	14629869.8227	26230.1710526	157021304.537	165.460526316	7790.88002078	6.8684210526300005	180.403739612	1.5131578947400002	0.9077216066480001	11039.3	16735561.51	18961.85	60752063.5275	182.85	5329.2275	5.8	137.86	1.2	0.86	12225.799549500001	15045065.4305	18380.5990991	59493856.9068	189.042792793	3352.1760966999996	7.27927927928	164.723804886	1.38963963964	1.4360187890600002	7755.0	11228143.1538	18682.423076900002	136280910.321	31.1923076923	351.770710059	12.1153846154	689.7943786980001	2.07692307692	2.99408284024	10715.142857100001	3752419.83673	27269.4285714	105544969.388	97.85714285709999	3730.69387755	0.0	0.0	1.2857142857100001	0.489795918367	DIAMOND	II	PLATINUM	III	
1Tarzan sem Jane	309	2.4675840154	8815061.151789999	0.392857142857	0.044308029306300005	17043316435400.0	0.00953798185941	112	3.0380181257	24681071.29	0.536796536797	0.11970874140000001	203751448803000.0	0.0116583347142	462	2.8806122449	364621.714286	0.28571428571400004	0.935666389005	1666590477.06	0.08503401360539999	7	1.8114134542700002	648000.857143	0.357142857143	0.101130416053	70303825488.6	0.035714285714300006	14	3.4687882925999998	2893216.78195	0.488721804511	0.0669469835906	6658471561680.0	0.00613128837699	266	3.19973743884	685031.47619	0.47619047618999993	2.17722214132	377494711298.0	0.0780045351474	42	10606.0857143	13709170.6498	24757.8571429	95474972.9796	50.1428571429	2535.89387755	1.6571428571399998	29.3110204082	1.48571428571	0.992653061224	11348.8982036	13898993.1813	30883.3173653	170638993.127	42.502994011999995	1293.13621858	4.437125748500001	221.14425042099998	1.48502994012	1.45935673563	9835.2	39699208.56	12426.2	52787265.76	104.8	11189.36	0.0	0.0	1.2	0.96	9902.0	136161.0	21365.5	15669722.25	155.5	182.25	0.0	0.0	1.0	1.0	9126.07228916	10830049.7538	18494.060241	68971427.1409	25.301204819299997	247.75264915099999	6.21686746988	309.32646247599996	1.72289156627	1.6942952533000002	9431.82352941	16241805.3218	24252.7058824	151570684.796	78.5882352941	5827.7716263	0.0	0.0	1.41176470588	1.18339100346	DIAMOND	IV	PLATINUM	V	
24NumeroDoAmigo	93	3.3125	231569.25	0.75	0.0325520833333	9122830357.69	0.020833333333299998	4	2.21715636609	1964994.17021	0.468085106383	3.4151731920599997	2485566515850.0	0.0630424941445	47	3.00766360345	1967745.4736799998	0.6842105263160001	0.6349051768940001	1569780865940.0	0.0542243767313	38	2.45974763037	7358827.4117600005	0.607843137255	0.194088133221	17345185335700.0	0.0310311533495	153	4.02059229489	380774.782609	0.6956521739129999	0.9527372647769999	110337900198.0	0.0432419659735	23	3.02555148555	460815.15	0.35	2.18259062687	66806185808.2	0.10845238095200001	20	7871.5	48951012.25	29221.0	817731216.0	96.5	7310.25	0.0	0.0	0.0	0.0	12464.5714286	29646157.2449	31191.2857143	682140193.204	156.928571429	6397.20918367	0.0	0.0	0.07142857142860001	0.0663265306122	13731.75	7705101.9375	21817.125	230381158.10900003	184.375	1048.984375	0.0	0.0	0.625	0.484375	13845.913793099999	21891511.3891	20250.9827586	78852044.948	221.051724138	4472.53180737	1.89655172414	43.50653983350001	0.0862068965517	0.07877526753860001	9449.75	18020838.6875	17083.0	133728437.5	18.75	120.6875	0.0	0.0	1.25	0.6875	11195.714285700002	1410718.2040799998	31437.1428571	217256148.408	131.714285714	4496.20408163	0.0	0.0	0.14285714285700002	0.122448979592	DIAMOND	V	PLATINUM	II	
4OweN	259	2.17584142814	1186482.72059	0.470588235294	1.07101614021	893164153521.0	0.06506632064590001	68	2.5356444648700003	2857401.44872	0.557692307692	0.500627010922	4892936730260.0	0.0433952443568	156	2.57308739045	2108598.35616	0.506849315068	0.428968826144	3112402477190.0	0.0652064028213	73	2.8917325617799996	2375341.14074	0.503703703704	1.2690619358	1659095703430.0	0.0239898099157	135	2.7996330360500004	809007.3125	0.4375	0.981226565028	839109339461.0	0.0846354166667	16	4.66736981342	351193.185185	0.592592592593	14.181618224600001	37623579738.2	0.141426611797	27	11173.175	11510862.1444	25891.45	98339455.8475	93.0	4786.75	0.0	0.0	1.025	1.624375	10338.0	15833293.2	25397.1529412	150204892.812	69.6941176471	3983.83584775	1.42352941176	37.255916955	1.02352941176	1.41121107266	12532.1818182	16107582.0882	21165.5151515	59375555.0983	178.57575757599997	6758.36547291	0.0	0.0	1.0303030303	0.817263544536	12361.6708861	19754578.2714	18146.6075949	82626672.0106	185.60759493700002	5438.71943599	0.291139240506	6.61144047428	0.24050632911400002	0.435827591732	8537.63636364	26067828.7769	17028.0909091	207455039.901	33.0	1798.90909091	0.0	0.0	1.63636363636	2.04958677686	10828.4545455	7210813.15702	29121.545454500003	107580960.43	100.72727272700001	4954.01652893	0.0	0.0	1.09090909091	0.809917355372	DIAMOND	V	GOLD	V	
5VK Trakinas	190	1.4210526315799998	437235.0	0.0	0.0	0.0	0.0	2	2.54713911301	46874775.9278	0.5756207674939999	0.628811553218	554708858356000.0	0.00631027402535	443	1.5526515151499998	568472.083333	0.25	0.07496714302110001	94595074435.1	0.0059523809523800006	12	2.4214876033099997	877407.181818	0.45454545454499995	0.571242097914	129319410779.0	0.04591368227730001	11	2.43099580872	2156292.5122	0.39024390243900003	0.022146709585	2040192124840.0	0.00518904358005	82	2.6495280292900003	1866743.10345	0.42528735632200004	0.160104498451	1137083004450.0	0.0168168863769	87	16001.0	0.0	48034.0	0.0	120.0	0.0	0.0	0.0	0.0	0.0	11791.5777778	20504092.9699	26293.3259259	158366852.723	82.837037037	4753.23270233	0.0	0.0	0.22962962963000003	0.2509739369	9196.5	9895819.25	16081.5	18809086.25	157.25	2989.6875	0.0	0.0	0.0	0.0	9341.5	42195558.9167	11903.6666667	116575324.222	161.66666666700002	13734.888888899999	0.0	0.0	0.0	0.0	9847.36	13335824.8704	17572.0	83596764.08	88.96	7991.3184	0.0	0.0	0.68	0.8576	10605.157894700002	13354782.554000001	24282.1052632	96756267.9889	107.473684211	8306.4598338	0.0	0.0	0.736842105263	0.825484764543	DIAMOND	IV	GOLD	I	
